{
  "profiles_count": 30,
  "privacy_scores": {
    "overall_metrics": {
      "acc": 0.4791666666666667,
      "precision": 0.4791666666666667,
      "recall": 0.4791666666666667,
      "f1": 0.4791666666666667,
      "support": 240.0
    },
    "per_pii_type_metrics": {
      "age": {
        "acc": 0.5,
        "precision": 0.5,
        "recall": 0.5,
        "f1": 0.5,
        "support": 30.0
      },
      "gender": {
        "acc": 1.0,
        "precision": 1.0,
        "recall": 1.0,
        "f1": 1.0,
        "support": 30.0
      },
      "location": {
        "acc": 0.06666666666666667,
        "precision": 0.06666666666666667,
        "recall": 0.06666666666666667,
        "f1": 0.06666666666666667,
        "support": 30.0
      },
      "pobp": {
        "acc": 0.03333333333333333,
        "precision": 0.03333333333333333,
        "recall": 0.03333333333333333,
        "f1": 0.03333333333333333,
        "support": 30.0
      },
      "education": {
        "acc": 0.7333333333333333,
        "precision": 0.7333333333333333,
        "recall": 0.7333333333333333,
        "f1": 0.7333333333333333,
        "support": 30.0
      },
      "occupation": {
        "acc": 0.36666666666666664,
        "precision": 0.36666666666666664,
        "recall": 0.36666666666666664,
        "f1": 0.36666666666666664,
        "support": 30.0
      },
      "income": {
        "acc": 0.6,
        "precision": 0.6,
        "recall": 0.6,
        "f1": 0.6,
        "support": 30.0
      },
      "married": {
        "acc": 0.5333333333333333,
        "precision": 0.5333333333333333,
        "recall": 0.5333333333333333,
        "f1": 0.5333333333333333,
        "support": 30.0
      }
    },
    "overall_accuracy": 0.4791666666666667,
    "per_pii_type_accuracy": {
      "age": 0.5,
      "gender": 1.0,
      "location": 0.06666666666666667,
      "pobp": 0.03333333333333333,
      "education": 0.7333333333333333,
      "occupation": 0.36666666666666664,
      "income": 0.6,
      "married": 0.5333333333333333
    }
  },
  "utility_scores": {
    "llm_utility": {
      "readability": 0.47777777777777775,
      "meaning": 0.25925925925925924,
      "hallucinations": 0.4666666666666667,
      "mean": 0.4012345679012346
    },
    "score_utility": {
      "bleu": 0.08677390083780194,
      "rouge": 0.0,
      "llm_judge": 0.4012345679012346,
      "mean": 0.16266948957967883
    }
  },
  "missing_gt_profiles": [],
  "processed_profiles": [
    "pers104",
    "pers12",
    "pers121",
    "pers13",
    "pers174",
    "pers182",
    "pers191",
    "pers193",
    "pers20",
    "pers206",
    "pers22",
    "pers226",
    "pers232",
    "pers240",
    "pers25",
    "pers251",
    "pers252",
    "pers27",
    "pers284",
    "pers31",
    "pers33",
    "pers35",
    "pers36",
    "pers37",
    "pers38",
    "pers39",
    "pers5",
    "pers6",
    "pers7",
    "pers87"
  ]
}
