{
  "_type": "utility_summary",
  "source": "/home/zxz/Text-Anonymization/baseline/llm-anonymization/anonymized_results/synthpai/deepseek-chat/inference_3.jsonl",
  "n_profiles_loaded": 250,
  "n_profiles_with_utility": 250,
  "utility_model": "deepseek-chat",
  "by_anon_level": {
    "1": {
      "bleu": {
        "mean": 0.886577710820089,
        "std": 0.07675007259155271,
        "n": 250
      },
      "readability": {
        "mean": 9.956,
        "std": 0.2050950998927083,
        "n": 250
      },
      "meaning": {
        "mean": 9.308,
        "std": 0.6173621303578638,
        "n": 250
      },
      "hallucination": {
        "mean": 0.996,
        "std": 0.063118935352238,
        "n": 250
      },
      "rouge1": {
        "mean": null,
        "std": null,
        "n": 0
      },
      "rougeL": {
        "mean": null,
        "std": null,
        "n": 0
      }
    },
    "2": {
      "bleu": {
        "mean": 0.8334428186732782,
        "std": 0.09855800588710507,
        "n": 250
      },
      "readability": {
        "mean": 9.92,
        "std": 0.285657137141714,
        "n": 250
      },
      "meaning": {
        "mean": 8.968,
        "std": 0.7368690521388451,
        "n": 250
      },
      "hallucination": {
        "mean": 1.0,
        "std": 0.0,
        "n": 250
      },
      "rouge1": {
        "mean": null,
        "std": null,
        "n": 0
      },
      "rougeL": {
        "mean": null,
        "std": null,
        "n": 0
      }
    },
    "3": {
      "bleu": {
        "mean": 0.7843532811604985,
        "std": 0.12759022726607144,
        "n": 250
      },
      "readability": {
        "mean": 9.808,
        "std": 0.45949537538478014,
        "n": 250
      },
      "meaning": {
        "mean": 8.692,
        "std": 0.8562336129818777,
        "n": 250
      },
      "hallucination": {
        "mean": 1.0,
        "std": 0.0,
        "n": 250
      },
      "rouge1": {
        "mean": null,
        "std": null,
        "n": 0
      },
      "rougeL": {
        "mean": null,
        "std": null,
        "n": 0
      }
    }
  }
}
